{"chunk_definitions":[{"row":13,"row_count":1,"visible":true,"expansion_state":0,"options":{"engine":"r","label":"setup","include":false},"document_id":"D136AA92","chunk_id":"csetup_chunk","chunk_label":"setup"},{"row":22,"row_count":1,"visible":true,"expansion_state":0,"options":{"engine":"r","label":"unnamed-chunk-78"},"document_id":"D136AA92","chunk_id":"cfk31v77vwuss","chunk_label":"unnamed-chunk-1"},{"row":29,"row_count":1,"visible":true,"expansion_state":0,"options":{"engine":"r","label":"unnamed-chunk-79"},"document_id":"D136AA92","chunk_id":"c3rrq0ujo1txs","chunk_label":"unnamed-chunk-2"},{"row":129,"row_count":1,"visible":true,"expansion_state":0,"options":{"engine":"r","label":"unnamed-chunk-80"},"document_id":"D136AA92","chunk_id":"cjekbfzuxjhkf","chunk_label":"unnamed-chunk-3"},{"row":136,"row_count":1,"visible":true,"expansion_state":0,"options":{"engine":"r","label":"unnamed-chunk-81"},"document_id":"D136AA92","chunk_id":"c99u26zcff4i9","chunk_label":"unnamed-chunk-4"},{"row":143,"row_count":1,"visible":true,"expansion_state":0,"options":{"engine":"r","label":"unnamed-chunk-82"},"document_id":"D136AA92","chunk_id":"c44mtne1ag69e","chunk_label":"unnamed-chunk-5"},{"row":150,"row_count":1,"visible":true,"expansion_state":0,"options":{"engine":"r","label":"unnamed-chunk-83"},"document_id":"D136AA92","chunk_id":"c83ag5nwz1q4u","chunk_label":"unnamed-chunk-6"},{"row":160,"row_count":1,"visible":true,"expansion_state":0,"options":{"engine":"r","label":"unnamed-chunk-84"},"document_id":"D136AA92","chunk_id":"c9g9uxqbqyswk","chunk_label":"unnamed-chunk-7"},{"row":209,"row_count":1,"visible":true,"expansion_state":0,"options":{"engine":"r","label":"unnamed-chunk-85"},"document_id":"D136AA92","chunk_id":"cfx2ldx1lqmvq","chunk_label":"unnamed-chunk-8"},{"row":232,"row_count":1,"visible":true,"expansion_state":0,"options":{"engine":"r","label":"unnamed-chunk-86"},"document_id":"D136AA92","chunk_id":"c00dr35tyx1zr","chunk_label":"unnamed-chunk-9"},{"row":301,"row_count":1,"visible":true,"expansion_state":0,"options":{"engine":"r","label":"unnamed-chunk-87"},"document_id":"D136AA92","chunk_id":"cvg1v8lagt86f","chunk_label":"unnamed-chunk-10"},{"row":346,"row_count":1,"visible":true,"expansion_state":0,"options":{"engine":"r","label":"unnamed-chunk-88"},"document_id":"D136AA92","chunk_id":"c7i8gi95paocb","chunk_label":"unnamed-chunk-11"},{"row":393,"row_count":1,"visible":true,"expansion_state":0,"options":{"engine":"r","label":"unnamed-chunk-12"},"document_id":"D136AA92","chunk_id":"cl1zfmwprg9ha","chunk_label":"unnamed-chunk-12"},{"row":408,"row_count":1,"visible":true,"expansion_state":0,"options":{"engine":"r","label":"unnamed-chunk-13"},"document_id":"D136AA92","chunk_id":"c0ka9018vmuvh","chunk_label":"unnamed-chunk-13"},{"row":480,"row_count":1,"visible":true,"expansion_state":0,"options":{"engine":"r","label":"unnamed-chunk-77"},"document_id":"D136AA92","chunk_id":"cx2ye4xwg3tp9","chunk_label":"unnamed-chunk-14"},{"row":492,"row_count":1,"visible":true,"expansion_state":0,"options":{},"document_id":"D136AA92","chunk_id":"c8sex4r87mw0o","chunk_label":"unnamed-chunk-15"},{"row":502,"row_count":1,"visible":true,"expansion_state":0,"options":{},"document_id":"D136AA92","chunk_id":"cn833gk8372ew","chunk_label":"unnamed-chunk-16"}],"doc_write_time":1705236897,"working_dir":null,"default_chunk_options":{"echo":true},"chunk_rendered_width":700}