{"chunk_definitions":[{"row":12,"row_count":1,"visible":true,"expansion_state":0,"options":{"engine":"r","label":"setup","include":false},"document_id":"D136AA92","chunk_id":"csetup_chunk","chunk_label":"setup"},{"row":21,"row_count":1,"visible":true,"expansion_state":0,"options":{"engine":"r","label":"unnamed-chunk-9"},"document_id":"D136AA92","chunk_id":"cfk31v77vwuss","chunk_label":"unnamed-chunk-1"},{"row":28,"row_count":1,"visible":true,"expansion_state":0,"options":{"engine":"r","label":"unnamed-chunk-10"},"document_id":"D136AA92","chunk_id":"c3rrq0ujo1txs","chunk_label":"unnamed-chunk-2"},{"row":128,"row_count":1,"visible":true,"expansion_state":0,"options":{"engine":"r","label":"unnamed-chunk-11"},"document_id":"D136AA92","chunk_id":"cjekbfzuxjhkf","chunk_label":"unnamed-chunk-3"},{"row":135,"row_count":1,"visible":true,"expansion_state":0,"options":{"engine":"r","label":"unnamed-chunk-12"},"document_id":"D136AA92","chunk_id":"c99u26zcff4i9","chunk_label":"unnamed-chunk-4"},{"row":142,"row_count":1,"visible":true,"expansion_state":0,"options":{"engine":"r","label":"unnamed-chunk-13"},"document_id":"D136AA92","chunk_id":"c44mtne1ag69e","chunk_label":"unnamed-chunk-5"},{"row":149,"row_count":1,"visible":true,"expansion_state":0,"options":{"engine":"r","label":"unnamed-chunk-14"},"document_id":"D136AA92","chunk_id":"c83ag5nwz1q4u","chunk_label":"unnamed-chunk-6"},{"row":159,"row_count":1,"visible":true,"expansion_state":0,"options":{"engine":"r","label":"unnamed-chunk-15"},"document_id":"D136AA92","chunk_id":"c9g9uxqbqyswk","chunk_label":"unnamed-chunk-7"},{"row":208,"row_count":1,"visible":true,"expansion_state":0,"options":{"engine":"r","label":"unnamed-chunk-16"},"document_id":"D136AA92","chunk_id":"cfx2ldx1lqmvq","chunk_label":"unnamed-chunk-8"},{"row":231,"row_count":1,"visible":true,"expansion_state":0,"options":{"engine":"r","label":"unnamed-chunk-17"},"document_id":"D136AA92","chunk_id":"c00dr35tyx1zr","chunk_label":"unnamed-chunk-9"},{"row":300,"row_count":1,"visible":true,"expansion_state":0,"options":{"engine":"r","label":"unnamed-chunk-18"},"document_id":"D136AA92","chunk_id":"cvg1v8lagt86f","chunk_label":"unnamed-chunk-10"},{"row":345,"row_count":1,"visible":true,"expansion_state":0,"options":{"engine":"r","label":"unnamed-chunk-19"},"document_id":"D136AA92","chunk_id":"c7i8gi95paocb","chunk_label":"unnamed-chunk-11"},{"row":392,"row_count":1,"visible":true,"expansion_state":0,"options":{"engine":"r","label":"unnamed-chunk-20"},"document_id":"D136AA92","chunk_id":"cl1zfmwprg9ha","chunk_label":"unnamed-chunk-12"},{"row":407,"row_count":1,"visible":true,"expansion_state":0,"options":{"engine":"r","label":"unnamed-chunk-21"},"document_id":"D136AA92","chunk_id":"c0ka9018vmuvh","chunk_label":"unnamed-chunk-13"},{"row":449,"row_count":1,"visible":true,"expansion_state":0,"options":{"engine":"r","label":"unnamed-chunk-58"},"document_id":"D136AA92","chunk_id":"c9yxu4l4m9rc6","chunk_label":"unnamed-chunk-14"}],"doc_write_time":1705230487,"working_dir":null,"default_chunk_options":{"echo":true},"chunk_rendered_width":700}